,user_id,seg_start,seg_end,avg_hr,min_hr,max_hr,avg_rr
0,abc,1624363140,1624364039,74.89555555555556,50,100,14.986666666666666
1,abc,1624364040,1624364939,74.99222222222222,50,100,15.136666666666667
2,abc,1624364940,1624365839,74.47,50,100,14.856666666666667
3,abc,1624365840,1624366739,75.3411111111111,50,100,15.225555555555555
4,abc,1624366740,1624367639,74.86111111111111,50,100,14.744444444444444
5,abc,1624367640,1624368539,75.04666666666667,50,100,15.517777777777777
6,abc,1624368540,1624369439,74.69,50,100,15.02
7,abc,1624369440,1624370339,74.33555555555556,50,100,15.068888888888889
