,user_id,seg_start,seg_end,avg_hr,min_hr,max_hr,avg_rr
0,abc,1624363140,1624366739,74.92472222222221,50,100,15.05138888888889
1,abc,1624366740,1624370339,74.82444444444444,50,100,15.116031746031748
